coingecko_id,pulled_at_utc,current_price_usd,market_cap_usd,volume_24h_usd,circulating_supply,max_supply,fdv_usd,token_name_x,symbol_x,tier_x,category_x,chain_x,token_name_y,symbol_y,tier_y,category_y,chain_y,token_name,symbol,tier,category,chain,verified_contract,contract_address,circ_to_max_ratio,fdv_to_mcap_ratio,circulation_score,fdv_pressure_score,mint_risk_score,max_supply_certainty,supply_sustainability_score
uniswap,2026-01-19T12:34:30.906620+00:00,4.98,3160631041.0,382896158,634610361.82848,1000000000.0,4480843112,Uniswap,UNI,A,DEX,ethereum,Uniswap,UNI,A,DEX,ethereum,Uniswap,UNI,A,DEX,ethereum,True,0x1f9840a85d5af5bf1d1762f925bdaddc4201f984,0.63461036182848,1.417705215785736,33.33333333333333,19.999999999999996,70,100,46.666666666666664
chainlink,2026-01-19T12:34:45.019802+00:00,12.75,9024026753.0,648920230,708099970.4525867,1000000000.0,12744001030,Chainlink,LINK,A,Infrastructure & Middleware,ethereum,Chainlink,LINK,A,Infrastructure & Middleware,ethereum,Chainlink,LINK,A,Infrastructure & Middleware,ethereum,True,0x514910771af9ca656af840dff83e8264ecf986ca,0.7080999704525867,1.4122299699259324,46.666666666666664,25.0,70,100,52.83333333333333
aave,2026-01-19T12:34:47.605564+00:00,163.46,2481823459.0,375268933,15183571.902578924,16000000.0,2615272322,Aave,AAVE,A,Lending & Borrowing,ethereum,Aave,AAVE,A,Lending & Borrowing,ethereum,Aave,AAVE,A,Lending & Borrowing,ethereum,True,0x7fc66500c84a76ad7e9c93437bfc5ac33e2ddae9,0.9489732439111828,1.0537704898050124,66.66666666666666,44.99999999999999,70,100,65.83333333333333
lido-dao,2026-01-19T12:35:14.316675+00:00,0.546995,462970893.0,56720533,846566802.5927889,1000000000.0,546880520,Lido Dao,LDO,A,Liquid staking,ethereum,Lido Dao,LDO,A,Liquid staking,ethereum,Lido Dao,LDO,A,Liquid staking,ethereum,True,0x5a98fcbea516cf06857215779fd812ca3bef1b32,0.8465668025927889,1.1812416898528435,53.333333333333336,30.000000000000004,70,100,56.66666666666667
curve-dao-token,2026-01-19T12:35:17.069355+00:00,0.390634,573741000.0,74930533,1468781451.0,3030303031.0,915416077,Curve DAO,CRV,B,DEX,ethereum,Curve DAO,CRV,B,DEX,ethereum,Curve DAO,CRV,B,DEX,ethereum,True,0xd533a949740bb3306d119cc777fa900ba034cd52,0.4846978787185195,1.5955214582886703,26.666666666666668,15.000000000000002,70,100,42.833333333333336
havven,2026-01-19T12:35:19.835003+00:00,0.43845,150455469.0,30401898,343466216.99839866,343889850.0967736,150641041,Synthetix,SNX,B,Derivatives,ethereum,Synthetix,SNX,B,Derivatives,ethereum,Synthetix,SNX,B,Derivatives,ethereum,True,0xc011a73ee8576fb46f5e1c5751ca3b9fe0af2a6f,0.9987681139811025,1.0012334014923712,93.33333333333333,75.0,70,100,84.16666666666666
compound-governance-token,2026-01-19T12:35:34.419448+00:00,25.11,242796471.0,20153644,9668189.278360886,10000000.0,251129208,Compound,COMP,B,Lending & Borrowing,ethereum,Compound,COMP,B,Lending & Borrowing,ethereum,Compound,COMP,B,Lending & Borrowing,ethereum,True,0xc00e94cb662c3520282e6f5717214004a7f26888,0.9668189278360887,1.0343198439651127,80.0,60.0,70,100,75.0
balancer,2026-01-19T12:35:48.713127+00:00,0.537517,34727005.0,1872861,64580537.0262452,96150704.0,38330742,Balancer,BAL,B,DEX,ethereum,Balancer,BAL,B,DEX,ethereum,Balancer,BAL,B,DEX,ethereum,True,0xba100000625a3754423978a60c9317c58a424e3d,0.6716595338318604,1.1037733314462332,40.0,35.0,70,100,53.5
ethereum-name-service,2026-01-19T12:36:17.600395+00:00,9.48,361944777.0,38719442,38194934.79101414,100000000.0,947625068,Ethereum Name Service,ENS,B,Infrastructure & Middleware,ethereum,Ethereum Name Service,ENS,B,Infrastructure & Middleware,ethereum,Ethereum Name Service,ENS,B,Infrastructure & Middleware,ethereum,True,0xc18360217d8f7ab5e7c516566761ea12ce7f9d72,0.3819493479101414,2.6181482044151725,20.0,9.999999999999998,70,100,39.0
rocket-pool,2026-01-19T12:36:20.755197+00:00,2.05,45235640.0,5176255,22117293.65560728,,45235640,Rocket Pool,RPL,B,Liquid Staking,ethereum,Rocket Pool,RPL,B,Liquid Staking,ethereum,Rocket Pool,RPL,B,Liquid Staking,ethereum,True,0xd33526068d116ce69f19a9ee46f0bd304f21a51f,,1.0,,90.0,70,40,
yearn-finance,2026-01-19T12:36:37.303738+00:00,3368.45,118122480.0,13964310,35091.98993093971,36666.0,123420726,Yearn Finance,YFI,C,Yield Strategies,ethereum,Yearn Finance,YFI,C,Yield Strategies,ethereum,Yearn Finance,YFI,C,Yield Strategies,ethereum,True,0x0bc529c00c6401aef6d220be8c6ea1667f6ad93e,0.9570716721469401,1.0448538330722483,73.33333333333333,55.00000000000001,70,100,71.16666666666666
basic-attention-token,2026-01-19T12:36:40.121521+00:00,0.206567,309588164.0,39479258,1495713456.9526055,1500000000.0,310475408,Basic Attention Token,BAT,C,Web3 Utility,ethereum,Basic Attention Token,BAT,C,Web3 Utility,ethereum,Basic Attention Token,BAT,C,Web3 Utility,ethereum,True,0x0d8775f648430679a709e98d2b0cb6250d2887ef,0.9971423046350704,1.0028658847564986,86.66666666666667,65.0,70,100,78.83333333333333
pepe,2026-01-19T12:36:42.885766+00:00,5.21e-06,2191693024.0,648965023,420690000000000.0,420690000000000.0,2191693024,Pepe,PEPE,C,Meme,ethereum,Pepe,PEPE,C,Meme,ethereum,Pepe,PEPE,C,Meme,ethereum,True,0x6982508145454ce325ddbe47a25d4ec3d2311933,1.0,1.0,100.0,90.0,70,100,91.0
shiba-inu,2026-01-19T12:36:45.734188+00:00,7.86e-06,4632735855.0,155725259,589243974966149.4,,4634752710,Shiba Inu,SHIB,C,Meme,ethereum,Shiba Inu,SHIB,C,Meme,ethereum,Shiba Inu,SHIB,C,Meme,ethereum,True,0x95ad61b0a150d79219dcf64e1e6cc01f0b64c4ce,,1.000435348585183,,80.0,70,40,
celsius-degree-token,2026-01-19T12:37:12.510537+00:00,0.02642193,944725.0,223938,35719125.9003,,944725,Celsius Network,CEL,D,CEFi Lending Platforms,ethereum,Celsius Network,CEL,D,CEFi Lending Platforms,ethereum,Celsius Network,CEL,D,CEFi Lending Platforms,ethereum,True,0xaaaebe6fe48e54f431b0c390cfaf0b017d09d42d,,1.0,,90.0,70,40,
maker,2026-01-19T13:02:10.700204+00:00,1537.82,0.0,168295,0.0,1005577.0,152599623,,,,,,,,,,,Maker,MKR,A,Lending & Borrowing,ethereum,True,0x9f8f72aa9304c8b593d555f12ef6589cc3a579a2,0.0,inf,10.0,2.500000000000002,70,100,33.25
1inch,2026-01-19T13:02:14.583278+00:00,0.145324,203475990.0,22879453,1400626841.291872,1500000000.0,217912420,,,,,,,,,,,1inch,1INCH,B,DEX aggregator,ethereum,True,0x111111111117dc0aa78b770fa6a738034120c302,0.9337512275279147,1.0709490589037065,60.0,40.0,70,100,62.0
sushi,2026-01-19T13:02:17.662026+00:00,0.305588,83450070.0,23911143,273012266.12632084,,87932360,,,,,,,,,,,Sushi,SUSHI,C,DEX,ethereum,True,0x6b3595068778dd592e39a122f4f5a5cf09c90fe2,,1.053712237748872,,50.0,70,40,
ftx-token,2026-01-19T13:02:20.620067+00:00,0.496703,0.0,4174797,0.0,328895103.813207,163235993,,,,,,,,,,,FTX Token,FTT,D,CEX,ethereum,True,0x50d1c9771902476076ecfc8b2a83ad6b9355a4c9,0.0,inf,10.0,2.500000000000002,70,100,33.25
ethos,2026-01-19T13:02:24.111957+00:00,0.00063168,577347.0,360856,913988539.2741745,,578954,,,,,,,,,,,Voyager Token,VGX,D,CEFi Lending Platforms,ethereum,True,0x3c4b6e6e1ea3d4863700d7f76b36b7f3d3f13e3d,,1.0027834214086155,,70.0,70,40,
